{"cameraMode":{"drawMode":0,"name":"Shaded","section":"Shading Mode"},"sceneLighting":true,"audioPlay":false,"sceneViewState":{"showFog":true,"showMaterialUpdate":true,"showSkybox":true,"showFlares":true,"showImageEffects":true,"showParticleSystems":true},"in2DMode":false,"pivot":{"x":575.4742431640625,"y":115.31795501708985,"z":407.6212158203125},"rotation":{"x":0.2434941828250885,"y":-0.016002897173166276,"z":0.004017272032797337,"w":0.9697660207748413},"size":6.221819877624512,"orthographic":false}