{"cameraMode":{"drawMode":0,"name":"Shaded","section":"Shading Mode"},"sceneLighting":true,"audioPlay":false,"sceneViewState":{"showFog":true,"showMaterialUpdate":true,"showSkybox":true,"showFlares":true,"showImageEffects":true,"showParticleSystems":true},"in2DMode":false,"pivot":{"x":13.906366348266602,"y":1.9281854629516602,"z":12.128142356872559},"rotation":{"x":0.0499526783823967,"y":-0.8931487202644348,"z":0.10254167765378952,"w":0.4350718855857849},"size":7.077470302581787,"orthographic":false}