{"cameraMode":{"drawMode":0,"name":"Shaded","section":"Shading Mode"},"sceneLighting":true,"audioPlay":false,"sceneViewState":{"showFog":true,"showMaterialUpdate":true,"showSkybox":true,"showFlares":true,"showImageEffects":true,"showParticleSystems":true},"in2DMode":false,"pivot":{"x":20.102190017700197,"y":5.713179111480713,"z":-2.392597198486328},"rotation":{"x":0.2207828313112259,"y":-0.29720863699913027,"z":0.07084475457668305,"w":0.9262319803237915},"size":6.3150553703308109,"orthographic":false}