{"cameraMode":{"drawMode":0,"name":"Shaded","section":"Shading Mode"},"sceneLighting":true,"audioPlay":false,"sceneViewState":{"showFog":true,"showMaterialUpdate":true,"showSkybox":true,"showFlares":true,"showImageEffects":true,"showParticleSystems":true},"in2DMode":false,"pivot":{"x":12.510000228881836,"y":3.4700000286102297,"z":-2.450000047683716},"rotation":{"x":0.13056476414203645,"y":-0.389484703540802,"z":0.05588149279356003,"w":0.9100328087806702},"size":14.922710418701172,"orthographic":false}