{"cameraMode":{"drawMode":0,"name":"Shaded","section":"Shading Mode"},"sceneLighting":true,"audioPlay":false,"sceneViewState":{"showFog":true,"showMaterialUpdate":true,"showSkybox":true,"showFlares":true,"showImageEffects":true,"showParticleSystems":true},"in2DMode":false,"pivot":{"x":12.166036605834961,"y":6.099192142486572,"z":-3.9861550331115724},"rotation":{"x":0.010768840089440346,"y":-0.4411347508430481,"z":0.005293876864016056,"w":0.8973608613014221},"size":8.298604011535645,"orthographic":false}