{"cameraMode":{"drawMode":0,"name":"Shaded","section":"Shading Mode"},"sceneLighting":true,"audioPlay":false,"sceneViewState":{"showFog":true,"showMaterialUpdate":true,"showSkybox":true,"showFlares":true,"showImageEffects":true,"showParticleSystems":true},"in2DMode":false,"pivot":{"x":16.10544204711914,"y":3.0548171997070314,"z":19.28216552734375},"rotation":{"x":0.0034359584096819164,"y":0.30008918046951296,"z":-0.0010769210057333112,"w":0.9539143443107605},"size":3.9449141025543215,"orthographic":false}