{"cameraMode":{"drawMode":0,"name":"Shaded","section":"Shading Mode"},"sceneLighting":true,"audioPlay":false,"sceneViewState":{"showFog":true,"showMaterialUpdate":true,"showSkybox":true,"showFlares":true,"showImageEffects":true,"showParticleSystems":true},"in2DMode":false,"pivot":{"x":2.349240779876709,"y":1.0345808267593384,"z":0.6733658313751221},"rotation":{"x":0.03153727948665619,"y":-0.9678584933280945,"z":0.1581791788339615,"w":0.1929684281349182},"size":1.750303030014038,"orthographic":false}