{"cameraMode":{"drawMode":0,"name":"Shaded","section":"Shading Mode"},"sceneLighting":true,"audioPlay":false,"sceneViewState":{"showFog":true,"showMaterialUpdate":true,"showSkybox":true,"showFlares":true,"showImageEffects":true,"showParticleSystems":true},"in2DMode":false,"pivot":{"x":19.885046005249025,"y":3.222249984741211,"z":-3.578028440475464},"rotation":{"x":0.10464943945407868,"y":-0.4619704782962799,"z":0.05500122159719467,"w":0.8789808750152588},"size":7.531793117523193,"orthographic":true}