{"cameraMode":{"drawMode":0,"name":"Shaded","section":"Shading Mode"},"sceneLighting":true,"audioPlay":false,"sceneViewState":{"showFog":true,"showMaterialUpdate":true,"showSkybox":true,"showFlares":true,"showImageEffects":true,"showParticleSystems":true},"in2DMode":false,"pivot":{"x":15.741300582885743,"y":3.4828789234161379,"z":17.73756217956543},"rotation":{"x":0.1797037273645401,"y":0.5532140135765076,"z":-0.12365153431892395,"w":0.803989052772522},"size":5.22071647644043,"orthographic":false}