{"cameraMode":{"drawMode":0,"name":"Shaded","section":"Shading Mode"},"sceneLighting":true,"audioPlay":false,"sceneViewState":{"showFog":true,"showMaterialUpdate":true,"showSkybox":true,"showFlares":true,"showImageEffects":true,"showParticleSystems":true},"in2DMode":false,"pivot":{"x":14.724015235900879,"y":2.661790132522583,"z":17.974334716796876},"rotation":{"x":-0.010443411767482758,"y":0.10331205278635025,"z":0.0010913131991401315,"w":0.9946091771125794},"size":2.549715280532837,"orthographic":false}