{"cameraMode":{"drawMode":0,"name":"Shaded","section":"Shading Mode"},"sceneLighting":true,"audioPlay":false,"sceneViewState":{"showFog":true,"showMaterialUpdate":true,"showSkybox":true,"showFlares":true,"showImageEffects":true,"showParticleSystems":true},"in2DMode":false,"pivot":{"x":12.18790340423584,"y":4.802324295043945,"z":2.3330564498901369},"rotation":{"x":0.004385057836771011,"y":-0.2245662957429886,"z":0.0010106522822752596,"w":0.974449098110199},"size":11.203852653503418,"orthographic":false}