{"cameraMode":{"drawMode":0,"name":"Shaded","section":"Shading Mode"},"sceneLighting":true,"audioPlay":false,"sceneViewState":{"showFog":true,"showMaterialUpdate":true,"showSkybox":true,"showFlares":true,"showImageEffects":true,"showParticleSystems":true},"in2DMode":false,"pivot":{"x":-4.60545015335083,"y":8.704142570495606,"z":-4.9051103591918949},"rotation":{"x":-0.11226549744606018,"y":-0.4538538157939911,"z":0.05778832361102104,"w":-0.8821085095405579},"size":5.173849105834961,"orthographic":false}