{"cameraMode":{"drawMode":0,"name":"Shaded","section":"Shading Mode"},"sceneLighting":true,"audioPlay":false,"sceneViewState":{"showFog":true,"showMaterialUpdate":true,"showSkybox":true,"showFlares":true,"showImageEffects":true,"showParticleSystems":true},"in2DMode":false,"pivot":{"x":20.239999771118165,"y":2.950000047683716,"z":-3.9300003051757814},"rotation":{"x":0.20471355319023133,"y":0.18461287021636964,"z":-0.039349935948848727,"w":0.9604524374008179},"size":3.777022361755371,"orthographic":false}