{"cameraMode":{"drawMode":0,"name":"Shaded","section":"Shading Mode"},"sceneLighting":true,"audioPlay":false,"sceneViewState":{"showFog":true,"showMaterialUpdate":true,"showSkybox":true,"showFlares":true,"showImageEffects":true,"showParticleSystems":true},"in2DMode":false,"pivot":{"x":513.056640625,"y":384.5106201171875,"z":0.43359375},"rotation":{"x":-0.06137990951538086,"y":0.22208847105503083,"z":-0.014010032638907433,"w":-0.9729939103126526},"size":9.811519622802735,"orthographic":true}