{"cameraMode":{"drawMode":0,"name":"Shaded","section":"Shading Mode"},"sceneLighting":true,"audioPlay":false,"sceneViewState":{"showFog":true,"showMaterialUpdate":true,"showSkybox":true,"showFlares":true,"showImageEffects":true,"showParticleSystems":true},"in2DMode":false,"pivot":{"x":10.9399995803833,"y":3.9613523483276369,"z":8.920000076293946},"rotation":{"x":-0.23360396921634675,"y":0.43941572308540347,"z":-0.11956332623958588,"w":-0.8592376112937927},"size":53.937965393066409,"orthographic":false}