{"cameraMode":{"drawMode":0,"name":"Shaded","section":"Shading Mode"},"sceneLighting":true,"audioPlay":false,"sceneViewState":{"showFog":true,"showMaterialUpdate":true,"showSkybox":true,"showFlares":true,"showImageEffects":true,"showParticleSystems":true},"in2DMode":false,"pivot":{"x":12.494302749633789,"y":4.477640628814697,"z":-2.704402446746826},"rotation":{"x":0.005820073187351227,"y":0.24294857680797578,"z":0.0014579488197341562,"w":-0.9700227379798889},"size":7.319397449493408,"orthographic":false}