{"cameraMode":{"drawMode":0,"name":"Shaded","section":"Shading Mode"},"sceneLighting":true,"audioPlay":false,"sceneViewState":{"showFog":true,"showMaterialUpdate":true,"showSkybox":true,"showFlares":true,"showImageEffects":true,"showParticleSystems":true},"in2DMode":false,"pivot":{"x":514.3300170898438,"y":382.0981140136719,"z":2.4200000762939455},"rotation":{"x":-0.2777823209762573,"y":-0.05730284005403519,"z":0.01660098321735859,"w":-0.9587936401367188},"size":145.7052459716797,"orthographic":true}