{"cameraMode":{"drawMode":0,"name":"Shaded","section":"Shading Mode"},"sceneLighting":true,"audioPlay":false,"sceneViewState":{"showFog":true,"showMaterialUpdate":true,"showSkybox":true,"showFlares":true,"showImageEffects":true,"showParticleSystems":true},"in2DMode":false,"pivot":{"x":582.1070556640625,"y":81.82911682128906,"z":462.3482666015625},"rotation":{"x":-0.007399939000606537,"y":0.1627679169178009,"z":0.0012207836844027043,"w":0.9866358041763306},"size":58.730003356933597,"orthographic":false}