{"cameraMode":{"drawMode":0,"name":"Shaded","section":"Shading Mode"},"sceneLighting":true,"audioPlay":false,"sceneViewState":{"showFog":true,"showMaterialUpdate":true,"showSkybox":true,"showFlares":true,"showImageEffects":true,"showParticleSystems":true},"in2DMode":false,"pivot":{"x":20.701467514038087,"y":7.843484878540039,"z":1.3630847930908204},"rotation":{"x":0.12328565120697022,"y":0.44703254103660586,"z":-0.06235763058066368,"w":0.8837941288948059},"size":19.426977157592775,"orthographic":false}