{"cameraMode":{"drawMode":0,"name":"Shaded","section":"Shading Mode"},"sceneLighting":true,"audioPlay":false,"sceneViewState":{"showFog":true,"showMaterialUpdate":true,"showSkybox":true,"showFlares":true,"showImageEffects":true,"showParticleSystems":true},"in2DMode":false,"pivot":{"x":-10.713233947753907,"y":6.5920000076293949,"z":-1.4444561004638672},"rotation":{"x":-0.28188082575798037,"y":-0.09162836521863938,"z":0.027082817628979684,"w":-0.9547016620635986},"size":9.212443351745606,"orthographic":false}