{"cameraMode":{"drawMode":0,"name":"Shaded","section":"Shading Mode"},"sceneLighting":true,"audioPlay":false,"sceneViewState":{"showFog":true,"showMaterialUpdate":true,"showSkybox":true,"showFlares":true,"showImageEffects":true,"showParticleSystems":true},"in2DMode":false,"pivot":{"x":512.4099731445313,"y":385.7099914550781,"z":2.5199999809265138},"rotation":{"x":-0.07422980666160584,"y":0.6146180033683777,"z":0.05825508385896683,"w":0.7831617593765259},"size":6.834151744842529,"orthographic":false}