{"cameraMode":{"drawMode":0,"name":"Shaded","section":"Shading Mode"},"sceneLighting":true,"audioPlay":false,"sceneViewState":{"showFog":true,"showMaterialUpdate":true,"showSkybox":true,"showFlares":true,"showImageEffects":true,"showParticleSystems":true},"in2DMode":false,"pivot":{"x":15.976287841796875,"y":3.00813364982605,"z":19.386812210083009},"rotation":{"x":0.05154455825686455,"y":0.0362294465303421,"z":-0.001868204097263515,"w":0.9980216026306152},"size":17.789323806762697,"orthographic":false}