{"cameraMode":{"drawMode":0,"name":"Shaded","section":"Shading Mode"},"sceneLighting":true,"audioPlay":false,"sceneViewState":{"showFog":true,"showMaterialUpdate":true,"showSkybox":true,"showFlares":true,"showImageEffects":true,"showParticleSystems":true},"in2DMode":false,"pivot":{"x":513.2149658203125,"y":384.33984375,"z":2.6093831062316896},"rotation":{"x":0.0998656153678894,"y":0.19422553479671479,"z":-0.019878536462783815,"w":0.9756724238395691},"size":40.923255920410159,"orthographic":false}