{"cameraMode":{"drawMode":0,"name":"Shaded","section":"Shading Mode"},"sceneLighting":true,"audioPlay":false,"sceneViewState":{"showFog":true,"showMaterialUpdate":true,"showSkybox":true,"showFlares":true,"showImageEffects":true,"showParticleSystems":true},"in2DMode":false,"pivot":{"x":15.941082000732422,"y":3.75506591796875,"z":12.578250885009766},"rotation":{"x":0.11971249431371689,"y":-0.001489624846726656,"z":0.000179371316335164,"w":0.9928114414215088},"size":0.3162992596626282,"orthographic":false}