{"cameraMode":{"drawMode":0,"name":"Shaded","section":"Shading Mode"},"sceneLighting":true,"audioPlay":false,"sceneViewState":{"showFog":true,"showMaterialUpdate":true,"showSkybox":true,"showFlares":true,"showImageEffects":true,"showParticleSystems":true},"in2DMode":false,"pivot":{"x":15.534496307373047,"y":3.4545750617980959,"z":18.171995162963868},"rotation":{"x":0.18826612830162049,"y":0.5111637115478516,"z":-0.11586391925811768,"w":0.8305843472480774},"size":5.22071647644043,"orthographic":false}